prediction_0,prediction_1,prediction_2,target
0.9928178898378675,0.003993015032482804,0.0031891337795366425,0
0.9152623907105281,0.04714502949565897,0.03759255868383459,0
0.1206437662934619,0.16163167729012745,0.7177245315811419,2
0.31572164484240134,0.5517278699387252,0.132550455416551,0
0.06261900742479205,0.3179677960263589,0.6194132064829565,2
0.23466123691945115,0.5454941584491929,0.21984459469724857,1
0.2462076014014211,0.6005514312278232,0.1532409872389707,1
0.7967005914434182,0.19547882752818502,0.00782059592955787,1
0.03620127082146066,0.2674850808060214,0.6963136185701956,2
0.10479629025045471,0.03606497985333767,0.8591386827091972,2
0.6754055245543213,0.31190166490705656,0.01269281923096617,1
0.20226555287142026,0.6752114423570422,0.12252296503510758,2
0.04923401057779442,0.06587457023888217,0.8848913993151085,2
0.8363488801813066,0.09477966121469984,0.0688715095162943,0
0.03516530144659075,0.03769012727896678,0.9271445514062275,2
0.9175674369917265,0.07542503788389711,0.007007535679365548,0
0.03338409206485434,0.06091650056029251,0.9056994123419068,2
0.4889335072083618,0.19576100347463532,0.3153054595146805,0
0.023304810985887044,0.015499600099918237,0.9611956031944741,2
0.06802226364379754,0.12345514653983991,0.8085225699481476,2
0.1713093633529864,0.35931031407215,0.46938037224540086,1
0.24683920976934637,0.2407076699460772,0.5124531401527913,2
0.3092429089796145,0.6071750549294789,0.08358204602501403,1
0.05940337061880879,0.019028087265688474,0.9215685160384707,2
0.07164096809118059,0.1260006398786201,0.8023584143819411,2
0.9895123317486086,0.008605411301897186,0.001882273868520853,0
0.41457686740213645,0.47537960039167165,0.11004353220619183,0
0.05615861995618279,0.0666109255492607,0.877230429659288,0
0.13780156520426018,0.06943251941487939,0.7927659004796993,2
0.041181504685855796,0.06048548115336667,0.8983329843584551,2
0.9863585096641234,0.012255992577668134,0.0013854496398754898,0
0.02551593518774342,0.03015323432300895,0.944330842906882,1
0.04457940126785185,0.023269661286425946,0.9321509340308728,2
0.10145125592863628,0.08557693326860212,0.8129718058357079,1
0.007505200028508183,0.06882930991024049,0.9236655024788857,2
0.05266772853307847,0.07407730462646206,0.8732549395216639,2
0.23413388696267667,0.349566864118293,0.4162992091826005,1
0.3099314308349199,0.6088393992600675,0.08122918232264686,0
0.8310323867254241,0.14391441813957498,0.02505319265147407,0
0.07770293298344659,0.3247648785050224,0.5975321587092086,2
0.04213506991768131,0.07207398792434397,0.8857909073885987,0
0.027164361671224505,0.01176005964843628,0.9610756041364895,1
0.013332443190820055,0.012687284495900968,0.9739802834891499,2
0.7832190898194575,0.14159635535537166,0.07518456475927825,1
0.051260886034636,0.2542596810652788,0.6944794552518271,2
0.08105672988667484,0.09207027960319221,0.8268729855430793,2
0.0765404619433195,0.11415621356281634,0.8093033567797133,2
0.04474528082085039,0.07019954240389778,0.885055174291725,2
0.011904962689536254,0.162448023063587,0.8256470483953712,2
0.08213710880675831,0.747113110871329,0.17074977535485888,1
0.07890837598063198,0.1313446000434259,0.7897470388771032,2
0.06482947563751433,0.22474833430514096,0.7104221925408716,2
0.09280857097264981,0.055067467561310306,0.8521239515319324,2
0.11338326118192743,0.059250556121986715,0.8273661504102366,1
0.038334619722970746,0.08896892164097277,0.8726964958889595,2
0.13780221098087278,0.2782695805961292,0.583928208422998,2
0.04153555189929633,0.08293306439175069,0.8755313737748455,2
0.3286966078278656,0.3552536590277273,0.31604973314440704,1
0.058524950819210435,0.05994169573865558,0.8815333112221774,2
0.016031651489025456,0.01526563055648261,0.968702726646836,2
0.3639552340895517,0.4464712598389921,0.18957348620324133,1
0.05678486490309328,0.13260223584432376,0.810612879384368,2
0.03084666939648918,0.017339479034051752,0.9518138136956744,2
0.01945063577615856,0.02143591675675935,0.959113447467082,2
0.16170398368465566,0.06732399865731979,0.7709720238668417,2
0.9903430455956858,0.007848583016568671,0.0018083389466758695,0
0.20784966263966534,0.1778841882960758,0.6142661589983663,2
0.5114450481079335,0.2820424723528119,0.20651249940746955,0
0.07923102397894739,0.10286050519213193,0.8179084757959744,2
0.9166820499581005,0.07855613786772259,0.004761784544940447,0
0.025555848856809987,0.015501818595230414,0.9589423443447123,1
0.020314949381638695,0.01548448367671533,0.9642005762548718,1
0.9375630553446666,0.05190368878649376,0.010533260215011725,0
0.012504377424915962,0.01265931164082081,0.9748363258354243,2
0.03921941736075619,0.059119970005967276,0.9016605964903519,2
0.06173340182350608,0.21597505647030543,0.7222915466732424,2
0.03328730075507201,0.23214952261908453,0.7345631890434777,2
0.021866668812570808,0.01753727256910247,0.9605961027009285,2
0.9752155620255992,0.01828139702909293,0.006503058950877712,0
0.047924332249200896,0.1305351271458993,0.8215405418466633,2
0.03949587591967887,0.06616739048181226,0.8943367162138208,1
0.04917341274045303,0.05872887733949164,0.8920977372388509,2
0.020779748909471946,0.03164759480264442,0.9475726500790665,2
0.19244114678870028,0.44759025023716964,0.35996862284234504,1
0.23816404161324387,0.2628089062668643,0.49902705211989185,1
0.10187308648700662,0.08039350654218763,0.8177333945531714,2
0.02317193746957497,0.022968586479667652,0.9538594884683916,2
0.07135969506934596,0.14696070582420914,0.7816796040734987,1
0.03881328568252359,0.06499921127352866,0.8961874707580985,2
0.05774325222681031,0.08296473373599687,0.8592920190042466,0
0.13330609391995865,0.40002123219967717,0.4666726391109881,2
0.03747845899205392,0.11017009367922244,0.8523514349110893,2
0.02494631405764323,0.02329947752399973,0.9517542344953891,2
0.12442421034461637,0.4270781509771739,0.44849762377704855,0
0.9911023325176526,0.007104923059078512,0.001792782607494631,0
0.09744922374670319,0.2763359504779095,0.6262147910060113,1
0.02977520575348433,0.14135109072063065,0.8288737134599925,2
0.8663298851030073,0.09321707963773768,0.04045303525925497,0
0.07538635780739862,0.18188277301051978,0.7427308791161892,1
0.6301123684676827,0.08097156473091947,0.2889160618343441,0
0.6931806459579631,0.1626115616292353,0.1442077725445867,0
0.1340847543936211,0.22348210812133787,0.6424331275509335,0
0.9905157079712413,0.007385322079741064,0.002098966223727333,0
0.10498742992399455,0.13724601496036645,0.7577665302803703,2
0.49091666587354793,0.3715598723727232,0.1375234617537289,0
0.034657239822723805,0.03516799710593669,0.9301747456866515,2
0.1354080426714164,0.4852057626321731,0.3793862046305179,1
0.33500705903926625,0.4617158188591326,0.20327714196981603,0
0.1970475943534108,0.31558414916114724,0.48736825648544196,1
0.2967499310889515,0.5228562704114769,0.18039380843367905,1
0.7870928669069768,0.13221285194714016,0.08069430598115167,1
0.8873874450662159,0.094482658526216,0.01812987281406288,1
0.031022396992597068,0.04988176082467063,0.9190958396992054,2
0.5796962856971256,0.3534538461306029,0.06684989300754017,0
0.0246615865380438,0.03515493663847996,0.9401834519882076,2
0.5439312955586438,0.19429261622873653,0.2617760484761897,0
0.25420304977847313,0.4884253394169975,0.25737161080452936,2
0.034738154945550576,0.04878875825548543,0.9164730818319103,2
0.13056049577639614,0.4142596411565211,0.4551798829352977,2
0.045964319786394425,0.21862193209637346,0.7354137332160708,2
0.0741899387494033,0.10579541166952629,0.8200146545481242,2
0.05349857887702129,0.04370821591713741,0.9027931729199921,2
0.04698796722269227,0.0833701438290626,0.8696418939152988,2
0.38725150524890856,0.4878785978618801,0.12486990682331878,1
0.10875566202886866,0.4158793201263326,0.47536500791069125,1
0.03570512246547323,0.019445580934653928,0.9448492841822386,2
0.20385669031960194,0.7179713312200047,0.07817199832860845,1
0.11500612212675441,0.24838625959197355,0.636607618281272,2
0.03399765368358109,0.026971496263132055,0.9390308661962115,2
0.09321570858938999,0.15631305206879623,0.750471219473599,2
0.7750950526311123,0.19997372277283146,0.024931218387239013,0
0.26481376522052497,0.1633780695688398,0.5718081801117965,2
0.08905530069143726,0.04645426070766732,0.8644904510185297,2
0.04112995896966732,0.09768532772068982,0.8611847046172989,2
0.06286780880317963,0.037123396893494705,0.9000087458745517,2
0.18820439295790845,0.34109688969111396,0.47069872728508505,1
0.6177597230500147,0.34540827009319236,0.03683199568092204,0
0.5119011902370946,0.4542643048883374,0.03383452474278297,0
0.055129417588764475,0.05288591471039989,0.8919847124043193,2
0.37566197034878623,0.36868144926715196,0.2556565803840617,1
0.1052582186355903,0.023747603378913476,0.8709941668096253,2
0.17690110646236135,0.5809357000322554,0.24216322330770568,1
0.2732491519228259,0.6309649931507292,0.09578588472876741,0
0.11804053116436901,0.050033881349900715,0.8319255576834079,2
0.1305705359395184,0.42242968740621284,0.4469997567860539,1
0.06444192015867252,0.2397659416979309,0.6957921182751816,1
0.23037772745780824,0.2742521935129176,0.49537007902927427,2
0.1703825392206224,0.31520697517415924,0.5144104756711109,1
0.9921803896948584,0.006621243785372215,0.0011983572065435446,0
0.09370590660183643,0.11377549331100684,0.7925186100212641,2
0.0822983016313815,0.13387825409373166,0.7838234591760479,1
0.9552094313239422,0.034960054125399855,0.00983047605599159,0
0.11778963367196177,0.08956793141815515,0.7926424398769368,2
0.984792967931222,0.010473186705645782,0.004733880753390091,0
0.3227300772566718,0.3438208715991398,0.3334490511441884,1
0.1377196185507097,0.0602510418980631,0.802029344518281,2
0.911398747145452,0.06211421817430681,0.02648705765286467,0
0.06514643173491894,0.09183623729715877,0.843017316066761,2
0.934895011392325,0.05148751254201953,0.013617464889784473,0
0.967828343424527,0.027948724662641828,0.004222951160164427,0
0.9524101148041447,0.042284402201709696,0.005305477406210125,0
0.2649779320226834,0.5209145452151689,0.2141075128280403,0
0.06125505924654805,0.16967832026714072,0.7690666080686769,2
0.9848752004313845,0.01394459082904202,0.001180187086323542,0
0.07184533118984603,0.05905322834865745,0.8691014032085936,2
0.031585054418059734,0.06991896599521555,0.8984960069055202,2
0.03315597159931976,0.07730148296212508,0.8895425777244044,2
0.9118860572074312,0.06827297151590002,0.019840986177829964,1
0.1209049584940446,0.29108330719365433,0.5880117293452473,1
0.024665444152174944,0.06332815161321403,0.9120064029928475,2
0.6669992018762589,0.3057608862254168,0.0272399342500661,1
0.03851133830638706,0.037569022424834085,0.9239196603787573,2
0.16979884278781388,0.08783669470799521,0.7423644798888791,2
0.9108888911987544,0.08107386815779981,0.008037254302843596,0
0.7766039576785101,0.07933818705708462,0.14405789003378133,0
0.9385385790383894,0.043178857294792004,0.018282555595356305,0
0.14044833957687164,0.20028683418466672,0.6592648163043542,2
0.3804889842641474,0.4920906721703979,0.1274203783348308,1
0.8121141383966615,0.13730228623876758,0.050583610133947014,0
0.825198372923134,0.15377237180087863,0.021029232924245567,0
0.04782582375483513,0.03573931783284727,0.9164348658628981,2
0.06495544042340907,0.11368262708974354,0.8213619275197935,2
0.03965006070252828,0.03721905311572463,0.9231309321269942,2
0.9659029537059328,0.030887168355840707,0.0032098987377640075,0
0.06369441006739314,0.10693619634734579,0.8293693935852611,2
0.9837391035908172,0.012457218705318468,0.0038036565938859156,0
0.03268282186576619,0.1037205269247744,0.8635966164400832,2
0.099034564779098,0.0747665865582589,0.8261988585967505,0
0.9689686032601145,0.026637630329350456,0.00439376175392214,0
0.042151104106370914,0.1589517329119832,0.7988971555310652,2
0.35424571054727627,0.5329002549016725,0.11285404945221238,1
0.021954584997277028,0.10047057397653741,0.8775748335756051,2
0.16206225282534273,0.08622995658329358,0.7517077955584174,2
0.04856905567646847,0.2246328944990618,0.7267980572750504,1
0.021786522294596978,0.03240343871073024,0.9458100067088235,2
0.7801689739205416,0.11547872781767354,0.10435231812999968,0
0.0930925136171445,0.23548209900574515,0.6714253774430028,2
0.04161089005684287,0.08440665120610513,0.8739824488029445,2
0.05302221240753038,0.0628887102339362,0.8840890922596946,2
0.013617985414691827,0.024466949469054516,0.9619150750503612,2
0.15211986916398612,0.24075384342833014,0.6071262874076838,2
0.05614038547534227,0.11189394780570587,0.8319656766530593,2
0.9911226700539791,0.004661929295128207,0.004215442870849452,0
0.01117507108975198,0.2766079729686013,0.7122169453866576,2
0.06161226431702893,0.08358059566472008,0.8548071524358853,2
0.027407293671500698,0.03005976695569751,0.9425329468233824,2
0.4999263294277468,0.4610644925800395,0.039009200343955504,0
0.12795573258237639,0.4180759415018738,0.4539683259157497,1
0.03514065603752026,0.012192669180666492,0.9526667107929528,2
0.3032547333491713,0.17902916665060428,0.5177161298025468,1
0.4044148169994713,0.44789105218971237,0.14769413081081634,1
0.23097067879090727,0.36720331673095497,0.4018260044781378,1
0.7384007125504204,0.1707819893241457,0.09081726583958472,0
0.2555447736386445,0.5249421490785431,0.21951305741459745,0
0.10739576636450184,0.1997206901798428,0.692883533521548,1
0.9915333573815287,0.0048410848340186855,0.0036255301552161993,0
0.9392492957947463,0.047917853885579474,0.012832865220835396,0
0.03809358738337212,0.02035880716438007,0.9415475917928501,2
0.03758054813428309,0.16172894924125514,0.8006905001409349,2
0.15209524426729903,0.8207913298873475,0.02711343577946097,1
0.13958438288656574,0.28282132059281256,0.5775943163888366,1
0.03981355617590075,0.10356407693296238,0.8566223346052876,2
0.07067481743327521,0.025298053972782803,0.9040271391489312,0
0.17470212520397135,0.3592531812796325,0.46604466371407366,1
0.030204341656455743,0.042236616950943544,0.9275590587772888,2
0.8898370535184873,0.09372395007543187,0.016438977779629303,0
0.7426468333599412,0.14203536413056447,0.11531776277306442,0
0.29445602017889133,0.5303043259712564,0.17523967371806715,0
0.9796781122959547,0.01723850198138125,0.0030833962776532285,0
0.9214559809524544,0.07271155436695799,0.005832425875480313,0
0.9804214815546746,0.01490927276438282,0.004669235125953411,0
0.05711796506539297,0.05929718978932627,0.8835848352111734,2
0.39003352886531745,0.2359610515339933,0.3740054394689041,0
0.22709135514691928,0.4343030194758391,0.33860565517956404,2
0.05352404122419774,0.127698060156623,0.8187779309050286,2
0.05976402033678466,0.08780916100872842,0.8524268285885945,2
0.018015125447622658,0.6740137161715292,0.30797117576553623,2
0.9922932932287623,0.006497548183931075,0.0012092119055240093,0
0.9523855663055233,0.031361112636490725,0.016253323541512925,0
0.9878031129378421,0.007333962176435197,0.00486297548758265,0
0.9438803961302963,0.03181732365726145,0.024302323674162376,0
0.9834048606277799,0.014090376345483865,0.0025047183232526186,0
0.13238052064516884,0.3142793953873904,0.5533401038356556,2
0.22146058795411408,0.22362646960394025,0.5549129027055159,2
0.06771032945611981,0.6706619171619564,0.2616277782171925,1
0.009833047354897661,0.01563432967092138,0.9745326149027186,2
0.5363722830434428,0.2794591314460793,0.184168565642263,0
0.4883421442551658,0.4023800820643249,0.10927775132876744,2
0.05962248078950611,0.07163115201533013,0.8687463696786907,2
0.06928510210129506,0.08628257651040853,0.8444323164212427,0
0.0673054436177132,0.036797904260155424,0.8958966446715507,2
0.11820615257030308,0.03099429178244883,0.8507995140481731,2
0.23819421206910227,0.2391290015542543,0.5226767963107509,0
0.9796804273152331,0.01833232743569274,0.0019872658933913177,0
0.6811523681467175,0.2671594771422579,0.051688196930981256,0
0.03238788676361128,0.06456375584702521,0.9030483201364605,2
0.0571739005185895,0.041607026038101104,0.9012190573003848,2
0.02481411174041724,0.08956008665326946,0.8856258326503991,2
0.0951248846824188,0.338134863688161,0.5667402516294201,1
0.9076538857546556,0.08455145780504729,0.007794698660253956,0
0.9163654932415494,0.058720346191822224,0.024914115863144834,0
0.14907262660545975,0.4140875447942916,0.4368397987979263,1
0.6765577208160102,0.2961873522389277,0.027254950538567396,1
0.04682114527066389,0.03790525892966518,0.9152736454702083,2
0.07619687876077956,0.33216504158225746,0.5916380597887482,2
0.21314842563960804,0.17751861399569555,0.6093329603646963,2
0.26538520831106477,0.6664889712542786,0.06812581795112971,1
0.6349586448551678,0.3178219584167303,0.04721939921162873,0
0.9146720747474397,0.081514539637064,0.0038133884094640334,0
0.2607517350322683,0.5761040285007867,0.16314419176346137,1
0.16700724298791833,0.19338314236131385,0.6396095848484454,0
0.9576105190331052,0.0298466723739949,0.012542778790577492,0
0.015336058887106584,0.013146597688298336,0.9715173626719283,2
0.9757692525898097,0.012089641562693557,0.012141080391346296,0
0.984789086228797,0.012277756061319334,0.0029331434296042,0
0.5946404103663726,0.35703715606695335,0.04832244350078147,0
0.06276380819486475,0.20210785773817178,0.7351283440010709,2
0.8542416789654009,0.07217018003667008,0.07358809629444539,0
0.965957181324002,0.02895303703784562,0.005089758975969816,0
0.26146497681195585,0.08990858550372026,0.648626417816109,1
0.7497018249196757,0.2243644417150434,0.0259337172223562,0
0.16356447907414193,0.5139217464338679,0.32251380429431253,1
0.07418830447485535,0.8157997541195621,0.11001195630674375,1
0.04882279819825212,0.07177086465835837,0.8794062874728521,1
0.05777145289576185,0.03356932233331958,0.908659206144467,2
0.1284825111804291,0.3808956616627566,0.4906218569591367,2
0.07415984722304649,0.07128881442878093,0.8545513333811189,2
0.05525921456039309,0.05182899063853779,0.8929117848669618,2
0.02730432148064389,0.03898539066555123,0.9337102555679556,2
0.4984370545175647,0.2162634690042592,0.2852994466758537,2
0.822609269330675,0.11732228698185682,0.06006847597331747,1
0.023718685732541007,0.024075206023676753,0.9522061094855457,2
0.35284396455053546,0.242397664722096,0.4047584005296909,2
0.35237899757275654,0.034963283858546745,0.6126577024257721,0
0.01533102728465219,0.03117322967145857,0.95349577222533,2
0.04500841270510373,0.03450815562503111,0.9204834540216069,2
0.022282147324407253,0.05286195470954558,0.924855880581359,2
0.20690694343391058,0.11811064551364887,0.6749823961512794,0
0.07177344345092924,0.259286830684379,0.6689396886117888,2
0.8323352853851801,0.08726032570754945,0.0804044236766465,0
0.06433608699825945,0.0867800226141457,0.8488838804534874,2
0.09178100284521999,0.21649097338300552,0.6917280486070432,2
0.029512902059647017,0.0292363799324169,0.9412507366343875,2
0.2413757053257877,0.07552400969675017,0.6831003073292039,1
0.07919444104432165,0.2666082955576596,0.654197223661589,2
0.5448067971404255,0.3901613438339733,0.06503183915738638,0
0.0747492441124596,0.014590975436034078,0.910659739473313,0
0.08059834636794232,0.21545859217958455,0.7039430689030537,2
0.9861374689882965,0.009525942242991291,0.004336594667088592,0
0.33687634283289686,0.08776008560316362,0.575363526860456,2
0.040880188651766236,0.07860603027232091,0.8805137636912247,2
0.02082566254877227,0.04259100101076823,0.9365833438910401,2
0.03672512713759315,0.032036927815441214,0.9312379487722559,2
0.47360198252366753,0.2937932543701664,0.23260476310616604,2
0.021452853964568575,0.030792889715823155,0.9477542948142746,2
0.04937523102478999,0.03858182992263669,0.9120429390525734,2
0.212311858084106,0.5430957384045739,0.24459241344542762,2
0.6215849484028764,0.27063781275796556,0.10777723883915806,0
0.4964467945085788,0.47059985091135753,0.032953354580063716,0
0.9769475180158346,0.018065611301952632,0.004986869130008507,0
0.9450848908469988,0.04737774509678038,0.007537365297984309,0
0.05709588207069884,0.04429062921241856,0.8986134713321946,2
0.8465291093644848,0.07737529059393235,0.07609564474506651,1
0.20212662256583683,0.24620402236442493,0.5516693650038457,0
0.057813945397133075,0.2180768452670222,0.7241092143028984,1
0.13057959521482268,0.2505908119883298,0.6188296027309549,1
0.975490057991183,0.02265510774917384,0.0018548159436324971,0
0.9013703400098129,0.045497430553797714,0.05313220211759387,0
0.043467581503237186,0.1377831324987732,0.8187492934485702,2
0.9766535837246019,0.0174256997001382,0.005920763762270351,0
0.9184176915013423,0.06855162292285312,0.013030677504342216,0
0.984694745262633,0.009968733383564618,0.0053365201120390655,0
0.9804747591245855,0.013549262614583316,0.005975929211175672,0
0.06559828755989935,0.06246419993552521,0.8719375274057367,2
0.050218872689097215,0.041749658118208216,0.908031479126802,2
0.05747859046044604,0.1227953601035074,0.8197260792383689,2
0.3199345179609467,0.487047707350373,0.19301778462278776,0
0.9749956641266418,0.01951774961644438,0.005486604262483641,0
0.014328848714197803,0.015423137796272898,0.9702479774783898,2
0.059683550520844265,0.07592972292860496,0.8643867464187657,2
0.1305058706500906,0.04644340221750049,0.8230507060224306,2
0.11183925399900933,0.12951169305599333,0.7586490479779436,2
0.09419521248392027,0.1427061272866672,0.7630986651964662,2
0.03226602854600894,0.08375275654345227,0.8839812372622805,2
0.021818976637181197,0.026432220624935738,0.9517488052214099,2
0.897542528837724,0.08693136961260554,0.015526140044336806,0
0.10599196500199293,0.08955023961532467,0.8044577581297793,2
0.12361809955082176,0.1922296033427476,0.684152287172323,2
0.9805829719625678,0.014938401526075134,0.004478624959152783,0
0.3097000607681356,0.2684033000863848,0.4218966590136945,0
0.10011573447762827,0.20404356919674405,0.6958406913585738,2
0.06357696033873224,0.0487830722625914,0.8876399276622465,2
0.08634150292930824,0.0995250869281213,0.8141334300107853,2
0.05182468938063281,0.22786564861496214,0.7203096520702976,2
0.08778821263560362,0.11610495945418282,0.7961068428113748,2
0.9677955490018144,0.02685522289668502,0.005349256041177839,0
0.28937562159602637,0.41681906445124467,0.29380531395272896,2
0.020910040996212936,0.07753091050484666,0.9015590484989403,2
0.14645346250012112,0.10984887870909865,0.743697643889619,2
0.2292687662104098,0.6509792820666319,0.1197519616570658,0
0.06532628858646185,0.1349560463266908,0.7997177048232772,2
0.152452069084605,0.020489109317732696,0.8270588513999847,2
0.3638228216515072,0.4764575163839622,0.15971962222810068,1
0.03255977446797487,0.06715410308433724,0.9002861398323759,2
0.4417837541580756,0.10057887801616017,0.45763737775987173,1
0.0693649014433248,0.1950396464603291,0.7355954818986685,2
0.1373279258635961,0.30908357383343255,0.553588505270025,2
0.05821267839317762,0.06879622590460914,0.8729910981857402,2
0.08943770503083655,0.17765305456533906,0.7329092602720394,2
0.9860649540058432,0.010003060841801992,0.003932025509666464,0
0.20132643401049746,0.571775017383308,0.226898538672087,1
0.0635931544910426,0.10579581347755695,0.8306110469325616,2
0.06045051335085475,0.10568780657051242,0.8338616701445254,0
0.12049122669718604,0.2765835165920405,0.6029252666448809,0
0.7969765310713689,0.18548346072014044,0.017539992065566067,0
0.2558968822785081,0.2723648751086855,0.4717382624810213,1
0.05220969348458318,0.15076127521769034,0.7970289965283502,2
0.03087550253075171,0.042264406921842655,0.9268600582615564,2
0.4410478419840409,0.39212774440269066,0.16682441361326839,1
0.4551687783855953,0.5009934751349511,0.0438377514465074,1
0.2583147797103117,0.5507041887636669,0.19098101165780643,1
0.07313346406085812,0.19879562394237202,0.7280708921285549,1
0.1094017901065401,0.18679386392264705,0.7038043360367054,1
0.4880933972862507,0.3654949473596835,0.1464116851563882,1
0.9524961698290458,0.039607103958499264,0.007896729937745213,0
0.0371497101066583,0.11407350341684815,0.848776776542386,2
0.020083620619590795,0.016996408034204855,0.9629199750714946,2
0.020421426768469222,0.00999605073985167,0.9695825075905179,2
0.12530441246199917,0.27860891233667123,0.5960866752013296,1
0.03332116553262512,0.016937245871562357,0.9497416140519629,2
0.895468464085006,0.0926382444742256,0.011893276539607174,0
0.9435373637079388,0.04349176283128575,0.012970857317850753,0
0.5952233250675277,0.3712300605087271,0.03354664422606748,1
0.9789682714589683,0.017641348136808267,0.0033903754371697376,0
0.9177553505552067,0.07407847646652804,0.008166174220028572,0
0.3412935907681123,0.5455427454445841,0.11316367372141112,1
0.7197366300692559,0.2641142843806819,0.01614904270922384,0
0.02143338874164687,0.014223015273434949,0.9643435636990688,2
0.3130432508796062,0.06678958532766309,0.6201671911115262,2
0.30696726720290163,0.3784443105609456,0.3145884023679379,0
0.8201143907749735,0.16356117181615468,0.016324390221861426,0
0.015600223697345983,0.03297136344019463,0.9514284091371691,2
0.036859348152470446,0.7038164060546269,0.2593242433093758,1
0.33619339346687305,0.556121050271324,0.10768557116296419,1
0.9854688882870963,0.012687827934118398,0.0018432857966509577,0
0.929973474418751,0.05949052188043804,0.010535988799649712,0
0.7178622992749785,0.26494706595170325,0.017190591311598096,0
0.03949378423775697,0.0721893876894917,0.8883168255892245,2
0.04058729018064548,0.20754313064572763,0.7518696089759492,1
0.9651228012849845,0.020269066492610243,0.014608121667416103,0
0.02190061955272553,0.02755602195244075,0.9505433982312635,2
0.0174633305242594,0.014109770122048754,0.9684269527495194,2
0.09898946485564862,0.1613627376170592,0.7396477726920235,2
0.10840767870380741,0.2251449220423023,0.6664473694515679,2
0.1436105543611532,0.1311423703340844,0.7252470517112571,1
0.8712530127393161,0.1142012802063664,0.014545699603736957,0
0.06126888508290743,0.07463657192317283,0.8640945554115541,2
0.08214028981103426,0.3001482045194101,0.6177115056695556,2
0.01832454510848514,0.013766281522966092,0.9679092162093873,2
0.9593013165089475,0.03173275766912331,0.008965890431671454,0
0.42041423642027004,0.34067164792007887,0.23891413056081237,0
0.10701393125759655,0.10872374554963866,0.7842623380939259,2
0.03792501781380977,0.07167572983984442,0.8903992548298727,2
0.9802782959841828,0.011934599563652684,0.007787094518056984,0
0.034909999489474645,0.031456719324215836,0.9336332836698364,2
0.9421418328829629,0.05080981176008592,0.007048370878993995,0
0.9899838373634883,0.00862515472406273,0.0013910476488788208,0
0.07904010403179189,0.4381077547450063,0.4828521610914167,2
0.06852853273427144,0.17356995454652713,0.7579015102356745,2
0.2626778731381259,0.2194030607269236,0.517919076069058,2
0.0830576322599154,0.29658998174958723,0.6203523959246048,2
0.9040947784925394,0.03754503433180451,0.058360219461505373,0
0.9753496618284948,0.02087867306207063,0.0037716433785744386,0
0.020859415021677197,0.0715066034765867,0.9076339988864243,0
0.046312971472190274,0.03554128195144724,0.9181457676863408,2
0.03570089784498678,0.08202400908264455,0.8822750905888418,2
0.9878701224812109,0.009872704345609287,0.002257195369701171,0
0.9592977011428651,0.030149861332058242,0.010552396546883403,0
0.02094110389940626,0.011692088862199447,0.9673668066175125,2
0.027095015820015732,0.8044425062161804,0.16846247796380387,1
0.052975105909612415,0.1536755212244109,0.7933493952177185,2
0.887170550185126,0.10438597589100158,0.008443459643592914,0
0.9888135049374188,0.00992689991072026,0.0012596249541833992,0
0.9474148352963118,0.04812639742032901,0.004458756107488448,0
0.9916988802105761,0.00657621187105446,0.0017249125749822895,0
0.2032102743106179,0.2646090068562308,0.5321806989649364,1
0.8954249156205374,0.08289263821336727,0.02168242257259016,0
0.4242968235878759,0.544074506718699,0.03162866969342523,0
0.05780270318226249,0.040927577012774254,0.9012696924861677,2
0.21956158644582788,0.5060574197950173,0.2743809838250474,1
0.044889614918491895,0.09373366736435601,0.8613767301347864,2
0.08933858125433214,0.028334574761183704,0.8823268799956238,2
0.9147310603166513,0.04819524941432086,0.03707369026902793,1
0.012658674363557392,0.014696435873027353,0.9726449021810496,2
0.02306949578376014,0.05922899669094552,0.9177014727559182,2
0.3292108913939103,0.5875937361997158,0.08319538234048136,1
0.9939334500658837,0.0032475881792992556,0.0028189645487847735,0
0.0679751128476704,0.11032804340518877,0.82169687603299,2
0.33186433949251076,0.10283044852930627,0.565305229362871,2
0.04978246070674907,0.027793938988758277,0.9224236102386,0
0.989044800592899,0.00948351325016638,0.0014716693931283032,0
0.9759546285488322,0.020613032924916893,0.003432325798175725,0
0.660315194875479,0.3034697859928919,0.036215017889865614,1
0.5871303793542454,0.2321979295393096,0.1806716762052838,2
0.689799472283051,0.2873461127185427,0.02285442989956753,1
0.9208346037339403,0.07028310903554726,0.008882251840254632,0
0.19791375022279922,0.15070186397672944,0.6513844056686863,2
0.29706483492090807,0.14577541374277767,0.5571597612704217,2
0.045344066892417295,0.11899489592103674,0.8356610297359653,2
0.038880362829791,0.0603677853584532,0.900751846844702,2
0.03038612509786807,0.039025051163573826,0.930588797661526,2
0.9441742541896264,0.04752177866232149,0.008303930516030796,0
0.04189875312481106,0.015910525568032834,0.9421907306203819,2
0.21457674800546936,0.23274997577652648,0.5526732762180041,1
0.1442451508028638,0.13209954904319643,0.7236552902198322,2
0.024872926680425653,0.04083550879439504,0.9342915769428135,2
0.9532910999802474,0.036320498877686874,0.010388357680345484,0
0.48437761466668533,0.4847896407950861,0.030832761922916622,1
0.3666557942412652,0.2705952490537082,0.3627489567050266,2
0.08549326479738222,0.1514114690530889,0.7630952562154215,2
0.013276772188305678,0.026099374414283394,0.9606238124192177,2
0.023233007812373644,0.050941275502118244,0.925825736553723,2
0.05926804297860414,0.15721301922016181,0.7835189477353414,2
0.04930968643783673,0.06722899563974673,0.8834612930871479,2
0.14403465933308177,0.1251374876419431,0.7308278505414484,2
0.011660671597590155,0.020882030265857696,0.9674573453235625,2
0.9710875499171282,0.026898123347140077,0.00201430950626397,0
0.4543322301590554,0.3347244391965509,0.2109433505126086,1
0.14732995505994786,0.1377348700087024,0.7149351898325108,2
0.40968372722663676,0.460722758181086,0.12959347485584738,2
0.9899997290491357,0.007633297339981133,0.0023670201770119967,0
0.09445621500231798,0.2571849165140737,0.6483588784177158,1
0.04073980593861309,0.026758240185190404,0.9325019700191212,2
0.975064103886,0.02037078653287955,0.004565069534249799,0
0.050415555160273295,0.05066057931868772,0.8989238431692973,2
0.02176202243402935,0.03801380584302924,0.9402241853823391,2
0.07998346893584062,0.3684466704782194,0.5515698258165639,2
0.6341854002006622,0.19138724367501894,0.1744273561243189,0
0.07839867187434756,0.08769376598195873,0.8339075745613279,2
0.9814496531239456,0.008723215548071647,0.009827135053273029,0
0.025397573494329497,0.049175020374622534,0.9254274520762951,2
0.40065544222673427,0.5343007908027907,0.06504375455284066,1
0.9756689732306651,0.02070146516397017,0.003629529009074572,0
0.05260597617899088,0.07758319954649302,0.8698108044063012,2
0.026163609845091595,0.022472823940023867,0.9513635749072286,2
0.05200110412511974,0.16494602637329708,0.7830528769521637,2
0.5865639479891812,0.31758929924690105,0.09584676269802513,0
0.16286602068707753,0.2482340723666204,0.5888999268145171,1
0.5010744954073839,0.20781462378634874,0.2911108510039449,0
0.13157550953891126,0.40422405389748634,0.4642004365636024,1
0.04000428105922036,0.034086070475767956,0.9259096236297429,2
0.15214810083545147,0.294884264771704,0.552967644326952,1
0.09760146475781219,0.049776416062952154,0.8526220968274938,2
0.1267113840291725,0.33400989304663115,0.5392787328583037,1
0.9184192901083758,0.060503473556633276,0.02107723260970058,0
0.08697702391064649,0.14774711672051716,0.7652758395006214,2
0.6855087557634204,0.13887739035012905,0.17561382905118184,2
0.022457108256340813,0.061238326669772504,0.916304577491521,2
0.02347121546576396,0.010146539434150314,0.966382220264817,2
0.9153142264751001,0.06581254223375449,0.018873242467016188,0
0.06888991902055197,0.10581747467863212,0.8252925814655473,2
0.9660602488841151,0.030763945110927362,0.003175819353914391,1
0.9897795662836969,0.007719025490887416,0.0025013849423512215,0
0.9867554296445284,0.010476517353247667,0.002768066972062408,0
0.22679962423870217,0.2228737182640156,0.5503266574972823,2
0.32618388901672146,0.5439286782461606,0.12988743273711786,0
0.0681452098470735,0.19576167757930238,0.7360931026395167,2
0.4706449972770315,0.47162925051914445,0.05772571246739408,0
0.12901574147750022,0.326594239479216,0.54439001407623,1
0.5237478709750726,0.39733352341194017,0.07891860561298732,0
0.8706611834905642,0.0660282496424693,0.06331057183402018,0
0.6530748872437531,0.1923240873526942,0.1546010254035527,2
0.02650211901451253,0.0458184173477269,0.9276794785389217,2
0.07944636413875919,0.03693547877366951,0.8836181421864101,2
0.03637363195982037,0.050308245871965716,0.9133181470034826,2
0.11616999750530015,0.1441912112415112,0.7396387763520275,2
0.11111508307898722,0.17001727126825583,0.7188676357186493,0
0.9851806300168252,0.010939816709734285,0.003879516020537495,0
0.08535442569450742,0.35924118836773883,0.5554044008389151,1
0.10290041740902568,0.23695358172907321,0.6601460008619011,2
0.05795904189470489,0.3325450113766489,0.6094959665968611,2
0.9782434866259394,0.01759379501588435,0.004162758094606136,0
0.9171467343140631,0.06586880829315767,0.016984462359832992,0
0.22431065268770842,0.12037192313879219,0.6553174241734994,0
0.2990702059097159,0.38794480013938437,0.3129849939508997,0
0.9634185911142917,0.027781894291799798,0.008799514593908379,0
0.9883883300946317,0.010151622926064858,0.001460076315964496,0
0.08196099577322444,0.06557455637627164,0.8524644627516652,1
0.3415181745403548,0.2584659107379266,0.40001594452404093,1
0.9451483593478177,0.05096523112492666,0.003886389659040727,0
0.08146342597723606,0.2360855057218398,0.6824510484327092,2
0.03825843501712089,0.02415328767735277,0.9375882326020428,2
0.9418039801885264,0.05399657844995554,0.0041994093861096905,0
0.9830977701880869,0.014772801166514653,0.002129467605726154,0
0.1434993592519558,0.38678868015344486,0.4697119506604919,1
0.16126321173464012,0.6925470369937083,0.14618973140343652,1
0.061904278058515644,0.16612776122037717,0.7719679805893221,2
0.13914147273122204,0.7165086495593851,0.14434987770939295,2
0.08638856408873087,0.2526492552325566,0.6609621657775513,2
0.021114304088994063,0.014201884223247923,0.964683789956898,2
0.41443039178616276,0.5389079029896279,0.046661680388940724,0
0.9753376157748569,0.018722999154184655,0.00593935247466838,0
0.9310128141228501,0.047581309219640024,0.021405877899273285,0
0.06460877212526486,0.2376534066941434,0.6977378211805917,2
0.8584772811045757,0.13153493147070625,0.009987808534696533,0
0.8367376775514321,0.1464901540625965,0.016772163418917567,1
0.07780906155127841,0.025421797129012314,0.8967691313856019,2
0.02641793059318649,0.0750948035469866,0.8984873192556545,2
0.08217313919393036,0.3298551479580037,0.587971712848066,1
0.03823105591093045,0.06485087463734955,0.8969180520670319,2
0.8483144538093024,0.06676061620508768,0.08492492501855621,0
0.0504762298931439,0.14304295218629787,0.8064808055029239,1
0.04419254686697219,0.09425059696675869,0.8615568338145274,2
0.1058765809114696,0.4401542201086351,0.4539691741446266,1
0.24636398258449854,0.5909536758937661,0.16268237132405775,2
0.8654354023255156,0.11762934000761537,0.016935226622783125,0
0.8178097398789603,0.13669598257889,0.04549427009156901,0
0.9301965515008987,0.062308214504255645,0.007495230269555313,0
0.38144729218472717,0.5120897223054199,0.1064629606745842,1
0.3023723574914116,0.5530082368181425,0.14461943549276823,1
0.1387929383880414,0.2622970059426228,0.5989100656034433,1
0.9650640936871127,0.03283831936477213,0.00209760635066891,0
0.1325246870771948,0.11915256847802523,0.748322724576565,2
0.0339120615697716,0.29641524729430463,0.6696726961029774,2
0.9599158708096306,0.03298467521060368,0.007099448391830291,0
0.6247287460274794,0.13845037246654235,0.23682085667070965,0
0.22919456214721942,0.11037802429226413,0.6604274383957851,2
0.06475773538500734,0.10217892629741061,0.8330633631528507,0
0.18190957701867597,0.052123436455961104,0.7659669765912555,2
0.1919829691415488,0.20824728175115123,0.599769729239085,1
0.5600125407245135,0.23642953451356732,0.20355790489370426,0
0.013603130737600727,0.023453004614418117,0.9629438472632931,2
0.039743870348563186,0.03953203382367426,0.9207241430147729,2
0.04427764301539056,0.07720456722436651,0.8785177636832109,2
0.15211465433912,0.09608376753379437,0.7518015495665266,2
0.2629180456549434,0.2680867185857186,0.468995215891123,2
0.309775117940782,0.6022627024795292,0.08796220193143049,1
0.1283703104392151,0.11457973993174553,0.7570499843984155,0
0.2641963622864362,0.536961269123698,0.19884240832629566,2
0.43296534521330554,0.45688800984231576,0.11014667474670113,0
0.014355053619438368,0.016852169984987498,0.9687927465932518,2
0.9633763121847152,0.030390214114309953,0.0062334535223190594,0
0.06178409163995008,0.12708653658360233,0.8111293866776088,2
0.9887022852273688,0.009061969598265298,0.0022357341537154823,0
0.027980254634760032,0.03338888480634529,0.9386308531083141,0
0.02798425418894815,0.05690228747596727,0.9151134757197728,2
0.9068361502480018,0.06479401282566086,0.028369804640488078,0
0.9740212484913479,0.021425836753796074,0.004552939279683964,0
0.05687444401827343,0.08343815235460805,0.8596874135612259,2
0.12728890352644934,0.12663722444545109,0.7460738471928309,0
0.044143929720779344,0.04445602019460019,0.9114000600187279,2
0.10907063646276437,0.059810760178126594,0.8311185561720986,2
0.04136764839144621,0.21935418792676797,0.7392781810664738,2
0.04913569147997502,0.04185385373571387,0.9090105019713216,2
0.15182155464508915,0.298579309410455,0.5495991657467783,0
0.02914875935089406,0.07085650671432332,0.8999947240006753,2
0.7288132696404315,0.24546693174054934,0.02571976384964314,0
0.06824715620084776,0.032884343061560815,0.8988684796276131,2
0.06607484216413241,0.029186082588806197,0.9047390578623733,2
0.07990394658392816,0.33889675188124174,0.5811993387877331,1
0.01751759175917419,0.015651353611605242,0.9668310720139086,2
0.124911092118741,0.2661931286948733,0.6088957891204931,1
0.12091477060811488,0.4067307404250773,0.47235449890091535,2
0.0250273363304893,0.02198719209956751,0.9529854554270186,2
0.06014146598742631,0.08414349539893073,0.8557150535148041,2
0.020158742006186486,0.043219165576973216,0.9366221110432917,2
0.04510969533333715,0.028017788925618032,0.9268725008398836,2
0.9370418651506909,0.04707916182355584,0.01587895688282866,0
0.023858562072171796,0.038672359518836456,0.9374690982772068,2
0.06330942026373128,0.22496550746858943,0.711725097102948,1
0.0635779465142281,0.06634049328471378,0.8700815142558112,2
0.2789174406339918,0.6044886907202489,0.11659384381049061,1
0.19850178472498328,0.48978523007917146,0.3117129553935228,1
0.03688432426306092,0.06774558041263438,0.8953701276101539,0
0.32822943819872513,0.4907839166336297,0.18098662529943024,1
0.26268504145075994,0.15666413703196247,0.5806508041325895,2
0.11934883568142761,0.15501515596413037,0.7256359934532809,2
0.4667020789864736,0.11630030444670748,0.41699763643503385,0
0.8569234852213641,0.1350729027710987,0.008003642430741273,1
0.14180082975136643,0.5531635215967705,0.3050356387177557,1
0.05683937601226882,0.0647707561809243,0.8783898876750218,2
0.10814238069823745,0.16188244966213408,0.7299751795737359,1
0.15986260956864604,0.18257499224567772,0.6575624081197837,2
0.10933472915155161,0.15828044148605247,0.7323848293623959,2
0.06831857397918878,0.35007178019279966,0.5816096160256893,2
0.05054867991316883,0.0972536886426194,0.852197646345373,2
0.06538578015075837,0.1477697467870774,0.7868444333257344,2
0.3205807934840836,0.638701183615592,0.04071804028501246,1
0.9355222760107741,0.04438638588624897,0.020091321960052266,0
0.03340889883027632,0.0195026189078748,0.9470884301077848,2
0.03086836825219123,0.06258145876201703,0.9065501642934478,1
0.6826150274104701,0.20874446973484737,0.10864047305236019,0
0.01313255712244018,0.025303136209210427,0.9615643203277472,2
0.061494979577947896,0.16724526496896544,0.7712597380683986,2
0.15678993280937428,0.07409098773953007,0.7691190794510957,2
0.2833228973605824,0.2846221323698772,0.4320549504013255,2
0.03430458640907045,0.15252353302988506,0.813171879319281,2
0.022604992782222555,0.07600835133998989,0.901386611174304,2
0.18852705502767445,0.10494330188435591,0.7065296182527009,2
0.03240083787464663,0.12939663640383123,0.8382025406226834,2
0.11409618027289531,0.09170866607800833,0.7941951188797202,2
0.07018741927424992,0.15241565487658607,0.7773968935633148,2
0.010046734389987773,0.30256189983984,0.6873913812922151,2
0.4059545212771634,0.09583384101763148,0.49821165757341995,0
0.12114415389450034,0.16549332081577198,0.7133625501249963,2
0.044067734329921913,0.1503295794266652,0.8056026489905098,1
0.06405228640198966,0.062461135178877115,0.8734865709685526,2
0.03279483862944044,0.03471684893141624,0.9324882950544553,2
0.05741391702949409,0.22855295714569265,0.7140331233412863,2
0.9653913298732367,0.022601952159150906,0.01200673473141869,0
0.05274387525721552,0.0359728103501298,0.9112833491620308,2
0.02411522914626098,0.03532891571616698,0.9405558799728407,2
0.3377828633915952,0.1678108967965616,0.49440625471300437,2
0.9292279918581734,0.060822506133098884,0.009949516909888838,0
0.03840961414972118,0.09453235878961486,0.8670580419618251,2
0.8800605752522174,0.09672192402314057,0.023217523076383778,0
0.9135836070536779,0.08119615419478428,0.005220209570097255,0
0.053976808333125896,0.10670030208877551,0.8393229069627867,2
0.8668196662687856,0.1119637198443559,0.021216594018643564,0
0.08969865698416872,0.11547694349505942,0.794824379652557,2
0.028349252162989683,0.13832083926510622,0.8333298862201622,2
0.0720490360819286,0.21990597866564054,0.7080449728347965,0
0.8900859410945374,0.09545627817233347,0.014457804326634334,0
0.7176315802242575,0.23622978790589277,0.046138625661032516,1
0.04012911904560705,0.04242767341631818,0.9174432274062897,2
0.05655090015374411,0.07045564116627406,0.872993473581143,2
0.9542195224032417,0.040003723591037994,0.005776731964419346,0
0.06928002831602575,0.057524112586411234,0.8731958392293481,2
0.09388600518542463,0.1719310937291638,0.734182930887734,1
0.09337197841882616,0.3245154964986675,0.5821125449507213,2
0.2961582668297662,0.26215311497528415,0.4416886181949496,1
0.016151751230083142,0.02044846947389423,0.9633997830213129,2
0.8144001380031756,0.18055466907606613,0.005045197266930346,0
0.9839644914173634,0.012902076517953725,0.00313344913893022,1
0.040246632243557005,0.037127986488643246,0.9226254023777781,2
0.3845891415710369,0.31399667189722863,0.30141416666351956,1
0.018117041672148802,0.010354384182398693,0.9715286163654092,2
0.35796229465315627,0.19150013959503184,0.4505375359494895,2
0.01852514964530701,0.03459083783970609,0.9468840385920189,2
0.4419062377574597,0.14612822567747574,0.4119655365650645,0
0.14905875935586613,0.49346366202435604,0.35747755875156284,2
0.9308872012257945,0.0626429363176226,0.006469888533615011,0
0.16246405724760135,0.22773206532894952,0.6098038972916641,2
0.23421757913399252,0.2383281379537651,0.527454272978135,2
0.9381085787031793,0.05550627636473065,0.006385189014691873,0
0.07549029890603236,0.09877168541739402,0.8257380007754125,0
0.3753916794889735,0.17604227516587034,0.44856607514747854,0
0.9854370615991132,0.013305057542428764,0.0012578665781785904,0
0.09352939080443057,0.07710307808375573,0.8293675013094913,2
0.03353778775344327,0.0402409286586836,0.9262212786208194,2
0.34348895028139675,0.2375499609235173,0.41896105899276365,1
0.10550163859208202,0.28215805744893285,0.6123402791237166,2
0.06599118604470576,0.1123468178317051,0.8216620308929653,2
0.8952377541785347,0.08823913913925063,0.016523115374558677,0
0.0832752014205561,0.1308212946579296,0.7859035188226754,1
0.059886459781424733,0.16742016269485818,0.7726933824907708,2
0.3025514380530446,0.3220213509658683,0.3754272308493021,2
0.04037194810931373,0.07865755381176619,0.8809704583424902,2
0.763183963696863,0.2293717272260201,0.007444323978278016,0
0.040166174763916276,0.04367108889536298,0.9161626891537104,2
0.9854548363747359,0.009703739188546893,0.004841419780104393,0
0.01899355669295863,0.028167745425905583,0.9528387425846194,0
0.043865242947146166,0.1242119044096945,0.8319228377419982,2
0.3784776721448162,0.499507483207952,0.12201488438366165,1
0.03683589456097494,0.044191191958819494,0.9189728886449369,2
0.39376427055827673,0.4697434363215554,0.13649228318606033,2
0.9210742982576731,0.052574677180082734,0.02635103077106148,0
0.7185540647753096,0.18096657451545126,0.10047940044566912,0
0.7968978558375427,0.16882317084989784,0.03427898138402177,0
0.02508097908106875,0.06687873549147084,0.9080402605921917,2
0.16589104468942542,0.43275561800231443,0.40135334724236765,0
0.21597565179539224,0.46202458525624185,0.3219997629483659,0
0.9765768671389387,0.013405389643748622,0.010017764016850105,0
0.06940131566252644,0.0595258003021528,0.8710728865188476,2
0.0822679737085398,0.2831137485693575,0.6346182677879951,1
0.06081023570154117,0.07729847954870646,0.8618912698485911,2
0.02133414939616668,0.031997527582243036,0.946668282043397,2
0.03888625728303922,0.05014081232482489,0.9109729577109315,2
0.06491383066132476,0.10919340719361398,0.8258927646285881,2
0.08629929623991832,0.21173927290084826,0.7019614109910185,2
0.21670670116610055,0.21561955859894702,0.5676737402349524,1
0.07025762124088546,0.07558873981971166,0.8541536389394029,2
0.04742875640060803,0.14649761803850483,0.8060736181103065,2
0.038889105176795946,0.017543424737710395,0.9435674613931496,2
0.5183630792314176,0.27293917262077894,0.20869774814780354,2
0.07523113654208002,0.06316358586254124,0.8616052924965398,2
0.029865318075272568,0.024844547199623753,0.9452900999557275,2
0.08903144117261964,0.07962793453909245,0.8313405895189118,2
0.03868902254895999,0.08411415538533941,0.8771968170986469,2
0.3221710083792269,0.249471627646347,0.42835735404031866,0
0.03119743213920609,0.052953215855749164,0.9158493445544641,2
0.29389533424493886,0.4282321514138001,0.2778725540776909,1
0.6730283929650683,0.2690560422838966,0.0579155796521963,0
0.26176779141631784,0.38016367435088255,0.3580685541010145,2
0.03324960066390318,0.05237943500503923,0.914370974265165,2
0.9806807260235112,0.01555747841619285,0.0037617638953283106,0
0.09365102945309774,0.09976550875002284,0.8065834667639331,2
0.7142528287686115,0.2655734691954294,0.020173709486539772,1
0.0107815628458933,0.01568653800968246,0.9735318519574138,2
0.022753533347449506,0.06644537272196839,0.9108011125570336,2
0.9745488988744965,0.021677958175405614,0.0037731296011409977,0
0.061710073237932296,0.06315653034672258,0.8751333839977108,2
0.3346762963790999,0.11264322231195593,0.5526805024189225,1
0.6477367524532721,0.190930635787287,0.16133260182533343,0
0.03959646431688954,0.06308854356337347,0.8973149859109197,2
0.9622074511627412,0.01788612445943623,0.019906403267844205,0
0.10877095115826384,0.15431699381842612,0.7369120401221488,0
0.32333859366582224,0.12634362643702057,0.5503177699630497,2
0.055502493579151095,0.06694259881655956,0.8775548802854939,2
0.06329810112467013,0.056967501845341495,0.8797343523265048,2
0.019729675229324086,0.05761840331255841,0.9226519177328272,2
0.10363972768530194,0.12341149967797353,0.7729487776037782,2
0.06087119200158161,0.03596737302114134,0.9031614672631263,0
0.3397226558702921,0.5724281525565721,0.08784917170492089,0
0.03431606685509767,0.054195701045374904,0.9114882258907103,2
0.05969901373796999,0.17430372365999788,0.7659972700526128,2
0.8744814187141636,0.09968160436217077,0.025836971956611877,0
0.10412613109202445,0.18693562864430877,0.7089382650989355,2
0.9403968664357222,0.0555304144309684,0.004072696471126685,0
0.6087604383848952,0.33299799850743006,0.058241565591201576,0
0.04017245799153293,0.06980492422959146,0.8900226426141442,2
0.04950202403870535,0.15358832439163478,0.7969096714378748,1
0.10870061195386112,0.03432086369678259,0.8569785317999369,2
0.9827376103728506,0.01541896851089542,0.0018434032659046147,0
0.30607948378886646,0.2226226690962294,0.4712978769172265,1
0.4139638131387673,0.5514427703631359,0.03459341401456994,0
0.0493656174471396,0.054902901145736954,0.8957314565718547,2
0.0247958132115024,0.04398204671942927,0.9312221549702295,2
0.35948374398172217,0.3018152677983182,0.33870102795638957,0
0.5605981321219238,0.10955934038506164,0.32984254239417576,2
0.11545972488513445,0.36614560816178043,0.5183946719201388,1
0.35091361470430876,0.5678971632970266,0.08118920213044971,1
0.8351088881945672,0.15879126898284537,0.00609985834463032,0
0.42917008655330635,0.5317626713375302,0.03906723217505593,0
0.3948566656517079,0.358210433747119,0.24693290060117304,1
0.015913815909924727,0.05259938776721131,0.9314867925975737,2
0.10507266410911659,0.04427761915143996,0.8506496844535941,2
0.4863791227620807,0.45706684805946923,0.05655403662903064,0
0.9854351659763233,0.012592321177821617,0.0019724926671993207,0
0.7807949074490615,0.2025198326118948,0.016685295950183074,0
0.09264709748099693,0.043329945076762855,0.8640229574422401,2
0.1114576321075633,0.08569735026460412,0.8028450027266714,2
0.023251751696484815,0.038473029564435664,0.9382752125302624,2
0.5284781215789224,0.38649684263928624,0.08502506061706004,0
0.02598084631489592,0.06580943514352555,0.9082096788051487,1
0.9853807100697897,0.012118848360402638,0.002500402299039148,0
0.020385612067645456,0.019718514478026302,0.9598958734543283,2
0.31446029843848305,0.46907347075612305,0.21646623080539396,1
0.052798521982952845,0.0472363817431648,0.8999650726803772,2
0.7298310685002608,0.1639330237840107,0.10623589778162097,0
0.41027674457420016,0.2783788083827181,0.3113444470430817,1
0.03214103300372879,0.09334141734258279,0.874517539719581,2
0.11686489872372623,0.19274197724975592,0.6903931140924104,1
0.9661557175623746,0.024580499736116968,0.009263779597099803,0
0.07246881386173284,0.2211705290975727,0.7063606520736408,2
0.037182770604823105,0.08581499207489961,0.8770022298696967,2
0.08214306351673745,0.08198910220220718,0.8358678268304748,2
0.9702080956022202,0.023282333338691976,0.006509535668830046,0
0.2566525766875989,0.5330871348439852,0.21026026860020106,2
0.030553957711686727,0.054380016573537575,0.9150660033630339,2
0.1470045098499636,0.10419351654904406,0.7488019885021536,2
0.9775651034539253,0.016588729641143923,0.005846146726274965,0
0.05330151662753995,0.06582922925030393,0.8808692516386292,2
0.23897611603151048,0.593122313016917,0.16790157095157257,2
0.0554885844718315,0.060748144910530266,0.883763238331789,1
0.9863122873301927,0.009745545645892743,0.003942184719043506,0
0.12922370074290104,0.05773035964403941,0.8130459470636402,2
0.037616885462258345,0.14862148387287918,0.8137616455660237,2
0.03400756280791933,0.09506164487031121,0.8709308258493822,2
0.9310673506938097,0.0649854578435501,0.003947188047790688,0
0.06533500700641326,0.027040563054189445,0.9076244038623652,2
0.9759566142708432,0.021964150649304556,0.002079265658276743,1
0.045482935440632845,0.02124654661958562,0.9332705204233084,2
0.02052364445760335,0.018173329601121047,0.9613029973807166,2
0.4677777466603344,0.3588469688841185,0.1733752844555471,1
0.03937640383462878,0.044274706563625775,0.9163488771841112,2
0.10845792112602508,0.28315889366278324,0.6083831752770842,2
0.23325244450507832,0.24024622965121134,0.5265013059754954,2
0.7708661900790815,0.21191213705018777,0.017221675354257653,0
0.03237368909356858,0.08750269779366555,0.8801236478821419,2
0.06254174183849957,0.027897971145501466,0.9095602435542789,2
0.16156373635381885,0.12508078488935795,0.7133555184932531,2
0.14709366312017588,0.03476230944251321,0.8181440261955476,2
0.7720906332124325,0.17663532308339022,0.0512740188689087,0
0.05727178572901082,0.032187064065546625,0.9105411688318941,2
0.5701893472946772,0.3457208167773362,0.0840898632467822,1
0.4103454900521651,0.4951557933376866,0.09449871661014829,1
0.8808811672660052,0.10680047582413227,0.012318376778077358,0
0.0930265884367613,0.10848076695985363,0.7984926694386537,2
0.024386039599492957,0.01646354542690404,0.9591503957262698,2
0.05246840041498507,0.06208825013041367,0.8854433196522788,2
0.2830883065453414,0.13251286669017584,0.5843988168303752,2
0.3710942914434667,0.048602802288979736,0.5803028665311237,0
0.07580273536287578,0.032818592303345294,0.8913786437732201,2
0.05330556419560248,0.024445986203126668,0.9222484173154216,2
0.09730879146547056,0.5222996106709575,0.3803916326329479,1
0.7577198192182539,0.14777119628290655,0.09450897456473212,0
0.043301365186858044,0.24340308483516418,0.7132955524615047,0
0.7294052558852854,0.14963822989616524,0.12095652166913001,0
0.9245084378047085,0.05546643394852432,0.020025136939111187,0
0.07937075385334208,0.1151376705307634,0.8054915756158945,2
0.9115192605646806,0.057064548548022564,0.03141616108497448,0
0.16592753337271135,0.3860710609874069,0.44800137583755933,1
0.7267068287157068,0.07696148534914472,0.19633171946276104,0
0.9908279823790437,0.00691504098289589,0.002256979742469159,0
0.19931767089557773,0.5679340270745914,0.23274828216161594,0
0.983258529390382,0.015142381236470681,0.0015990898388084367,0
0.0743832705597517,0.24221262524381107,0.6834040892952761,2
0.05635675934912734,0.14849982199414544,0.7951434186567271,1
0.13676619571627205,0.2116432917294968,0.6515905224883386,2
0.027925968349382383,0.013041442340183637,0.959032558266348,2
0.6771541784461613,0.3024582211646683,0.020387585488009133,0
0.9627030026514477,0.03466585453876177,0.002631136911414266,0
0.6430295660562351,0.3477035294653985,0.009266904478366414,0
0.8115645010774953,0.15975584144719548,0.02867963698621245,0
0.8281896552523023,0.10356131980916677,0.0682490597079071,0
0.9850543824729491,0.012312460640891481,0.0026331255316327895,0
0.09448065518231753,0.06686046261843676,0.8386589070345143,2
0.8312124075992057,0.1391294692520075,0.029658115698206197,0
0.9385592137796573,0.04714459644894591,0.01429620963961162,0
0.23029284943602457,0.45035407887458184,0.31935310149171603,2
0.016211728709092075,0.02989698502525551,0.9538912769524267,2
0.015679273335093762,0.02611654413072409,0.9582041403142254,2
0.16962184241369624,0.24807831876868325,0.5822997990811906,0
0.07611102061452119,0.1533757922175846,0.7705131474314643,2
